"label","rule","n_violating","fraction_violating"
"NK cells","CD3 should be low (<Q90 of root)",0,0
"CD4 T cells","CD8 should be low (<Q90 of root)",27,0.0477031802120141
"CD8 T cells","CD4 should be low (<Q90 of root)",26,0.024390243902439
"Plasma Cells","IgD should be low (<Q90 of root)",0,0
"Eosinophils","Ly6G should be low (<Q90 of root)",0,0
"pDCs","120g8 should be high (>Q10 of root)",0,0
"Eosinophils","SiglecF should be high (>Q10 of root)",0,0
"Macrophages","CD64 should be high (>Q10 of root)",0,0
"Macrophages","F480 should be high (>Q10 of root)",0,0
